{
  "caseId": "bullets-numbering",
  "compared": true,
  "selectedSlides": [
    1
  ],
  "slides": [
    {
      "slide": 1,
      "branchDiffRatio": 0.010590277777777778,
      "mismatchPixels": 9760,
      "totalPixels": 921600,
      "comparedWidth": 1280,
      "comparedHeight": 720,
      "baselineOfficeDiffRatio": 0.016333550347222222,
      "currentOfficeDiffRatio": 0.015111762152777777,
      "officeDeltaDiffRatio": -0.0012217881944444446
    }
  ],
  "maxDiffRatio": 0.010590277777777778,
  "meanDiffRatio": 0.010590277777777778,
  "topSlides": [
    {
      "slide": 1,
      "branchDiffRatio": 0.010590277777777778,
      "mismatchPixels": 9760,
      "totalPixels": 921600,
      "comparedWidth": 1280,
      "comparedHeight": 720,
      "baselineOfficeDiffRatio": 0.016333550347222222,
      "currentOfficeDiffRatio": 0.015111762152777777,
      "officeDeltaDiffRatio": -0.0012217881944444446
    }
  ],
  "officeMeanDelta": -0.0012217881944444446,
  "officeMaxDelta": -0.0012217881944444446,
  "topRegressedSlides": [],
  "topImprovedSlides": [
    {
      "slide": 1,
      "branchDiffRatio": 0.010590277777777778,
      "mismatchPixels": 9760,
      "totalPixels": 921600,
      "comparedWidth": 1280,
      "comparedHeight": 720,
      "baselineOfficeDiffRatio": 0.016333550347222222,
      "currentOfficeDiffRatio": 0.015111762152777777,
      "officeDeltaDiffRatio": -0.0012217881944444446
    }
  ],
  "baselineMetrics": {
    "maxObservedDiffRatio": 0.016333550347222222,
    "meanObservedDiffRatio": 0.016333550347222222
  },
  "currentMetrics": {
    "maxObservedDiffRatio": 0.015111762152777777,
    "meanObservedDiffRatio": 0.015111762152777777
  }
}