{
  "caseId": "diagram-fallback",
  "compared": true,
  "selectedSlides": [
    2,
    10
  ],
  "slides": [
    {
      "slide": 2,
      "branchDiffRatio": 0,
      "mismatchPixels": 0,
      "totalPixels": 921600,
      "comparedWidth": 1280,
      "comparedHeight": 720,
      "baselineOfficeDiffRatio": 0.7671430121527778,
      "currentOfficeDiffRatio": 0.7671430121527778,
      "officeDeltaDiffRatio": 0
    },
    {
      "slide": 10,
      "branchDiffRatio": 0.06198893229166667,
      "mismatchPixels": 57129,
      "totalPixels": 921600,
      "comparedWidth": 1280,
      "comparedHeight": 720,
      "baselineOfficeDiffRatio": 0.6530848524305556,
      "currentOfficeDiffRatio": 0.6526019965277777,
      "officeDeltaDiffRatio": -0.0004828559027778567
    }
  ],
  "maxDiffRatio": 0.06198893229166667,
  "meanDiffRatio": 0.030994466145833333,
  "topSlides": [
    {
      "slide": 10,
      "branchDiffRatio": 0.06198893229166667,
      "mismatchPixels": 57129,
      "totalPixels": 921600,
      "comparedWidth": 1280,
      "comparedHeight": 720,
      "baselineOfficeDiffRatio": 0.6530848524305556,
      "currentOfficeDiffRatio": 0.6526019965277777,
      "officeDeltaDiffRatio": -0.0004828559027778567
    },
    {
      "slide": 2,
      "branchDiffRatio": 0,
      "mismatchPixels": 0,
      "totalPixels": 921600,
      "comparedWidth": 1280,
      "comparedHeight": 720,
      "baselineOfficeDiffRatio": 0.7671430121527778,
      "currentOfficeDiffRatio": 0.7671430121527778,
      "officeDeltaDiffRatio": 0
    }
  ],
  "officeMeanDelta": -0.00024142795138892836,
  "officeMaxDelta": 0,
  "topRegressedSlides": [],
  "topImprovedSlides": [
    {
      "slide": 10,
      "branchDiffRatio": 0.06198893229166667,
      "mismatchPixels": 57129,
      "totalPixels": 921600,
      "comparedWidth": 1280,
      "comparedHeight": 720,
      "baselineOfficeDiffRatio": 0.6530848524305556,
      "currentOfficeDiffRatio": 0.6526019965277777,
      "officeDeltaDiffRatio": -0.0004828559027778567
    }
  ],
  "baselineMetrics": {
    "maxObservedDiffRatio": 0.7671430121527778,
    "meanObservedDiffRatio": 0.7101139322916667
  },
  "currentMetrics": {
    "maxObservedDiffRatio": 0.7671430121527778,
    "meanObservedDiffRatio": 0.7098725043402778
  }
}