{
  "caseId": "diagram-fallback",
  "compared": true,
  "selectedSlides": [
    2,
    10
  ],
  "slides": [
    {
      "slide": 2,
      "branchDiffRatio": 0.0043359375,
      "mismatchPixels": 3996,
      "totalPixels": 921600,
      "comparedWidth": 1280,
      "comparedHeight": 720,
      "baselineOfficeDiffRatio": 0.7671430121527778,
      "currentOfficeDiffRatio": 0.7693109809027778,
      "officeDeltaDiffRatio": 0.0021679687500000266
    },
    {
      "slide": 10,
      "branchDiffRatio": 0.06504774305555555,
      "mismatchPixels": 59948,
      "totalPixels": 921600,
      "comparedWidth": 1280,
      "comparedHeight": 720,
      "baselineOfficeDiffRatio": 0.6526019965277777,
      "currentOfficeDiffRatio": 0.6566449652777778,
      "officeDeltaDiffRatio": 0.004042968750000098
    }
  ],
  "maxDiffRatio": 0.06504774305555555,
  "meanDiffRatio": 0.034691840277777775,
  "topSlides": [
    {
      "slide": 10,
      "branchDiffRatio": 0.06504774305555555,
      "mismatchPixels": 59948,
      "totalPixels": 921600,
      "comparedWidth": 1280,
      "comparedHeight": 720,
      "baselineOfficeDiffRatio": 0.6526019965277777,
      "currentOfficeDiffRatio": 0.6566449652777778,
      "officeDeltaDiffRatio": 0.004042968750000098
    },
    {
      "slide": 2,
      "branchDiffRatio": 0.0043359375,
      "mismatchPixels": 3996,
      "totalPixels": 921600,
      "comparedWidth": 1280,
      "comparedHeight": 720,
      "baselineOfficeDiffRatio": 0.7671430121527778,
      "currentOfficeDiffRatio": 0.7693109809027778,
      "officeDeltaDiffRatio": 0.0021679687500000266
    }
  ],
  "officeMeanDelta": 0.003105468750000062,
  "officeMaxDelta": 0.0021679687500000266,
  "topRegressedSlides": [
    {
      "slide": 10,
      "branchDiffRatio": 0.06504774305555555,
      "mismatchPixels": 59948,
      "totalPixels": 921600,
      "comparedWidth": 1280,
      "comparedHeight": 720,
      "baselineOfficeDiffRatio": 0.6526019965277777,
      "currentOfficeDiffRatio": 0.6566449652777778,
      "officeDeltaDiffRatio": 0.004042968750000098
    },
    {
      "slide": 2,
      "branchDiffRatio": 0.0043359375,
      "mismatchPixels": 3996,
      "totalPixels": 921600,
      "comparedWidth": 1280,
      "comparedHeight": 720,
      "baselineOfficeDiffRatio": 0.7671430121527778,
      "currentOfficeDiffRatio": 0.7693109809027778,
      "officeDeltaDiffRatio": 0.0021679687500000266
    }
  ],
  "topImprovedSlides": [],
  "baselineMetrics": {
    "maxObservedDiffRatio": 0.7671430121527778,
    "meanObservedDiffRatio": 0.7098725043402778
  },
  "currentMetrics": {
    "maxObservedDiffRatio": 0.7693109809027778,
    "meanObservedDiffRatio": 0.7129779730902779
  }
}