{
  "caseId": "text-insets-anchor",
  "compared": true,
  "selectedSlides": [
    1
  ],
  "slides": [
    {
      "slide": 1,
      "branchDiffRatio": 0,
      "mismatchPixels": 0,
      "totalPixels": 921600,
      "comparedWidth": 1280,
      "comparedHeight": 720,
      "baselineOfficeDiffRatio": 0.18720811631944445,
      "currentOfficeDiffRatio": 0.18720486111111112,
      "officeDeltaDiffRatio": -0.0000032552083333303727
    }
  ],
  "maxDiffRatio": 0,
  "meanDiffRatio": 0,
  "topSlides": [
    {
      "slide": 1,
      "branchDiffRatio": 0,
      "mismatchPixels": 0,
      "totalPixels": 921600,
      "comparedWidth": 1280,
      "comparedHeight": 720,
      "baselineOfficeDiffRatio": 0.18720811631944445,
      "currentOfficeDiffRatio": 0.18720486111111112,
      "officeDeltaDiffRatio": -0.0000032552083333303727
    }
  ],
  "officeMeanDelta": -0.0000032552083333303727,
  "officeMaxDelta": -0.0000032552083333303727,
  "topRegressedSlides": [],
  "topImprovedSlides": [
    {
      "slide": 1,
      "branchDiffRatio": 0,
      "mismatchPixels": 0,
      "totalPixels": 921600,
      "comparedWidth": 1280,
      "comparedHeight": 720,
      "baselineOfficeDiffRatio": 0.18720811631944445,
      "currentOfficeDiffRatio": 0.18720486111111112,
      "officeDeltaDiffRatio": -0.0000032552083333303727
    }
  ],
  "baselineMetrics": {
    "maxObservedDiffRatio": 0.18720811631944445,
    "meanObservedDiffRatio": 0.18720811631944445
  },
  "currentMetrics": {
    "maxObservedDiffRatio": 0.18720486111111112,
    "meanObservedDiffRatio": 0.18720486111111112
  }
}