{
  "caseId": "theme-luminance",
  "compared": true,
  "selectedSlides": [
    1
  ],
  "slides": [
    {
      "slide": 1,
      "branchDiffRatio": 0.09327690972222222,
      "mismatchPixels": 85964,
      "totalPixels": 921600,
      "comparedWidth": 1280,
      "comparedHeight": 720,
      "baselineOfficeDiffRatio": 0.18469075520833333,
      "currentOfficeDiffRatio": 0.18469075520833333,
      "officeDeltaDiffRatio": 0
    }
  ],
  "maxDiffRatio": 0.09327690972222222,
  "meanDiffRatio": 0.09327690972222222,
  "topSlides": [
    {
      "slide": 1,
      "branchDiffRatio": 0.09327690972222222,
      "mismatchPixels": 85964,
      "totalPixels": 921600,
      "comparedWidth": 1280,
      "comparedHeight": 720,
      "baselineOfficeDiffRatio": 0.18469075520833333,
      "currentOfficeDiffRatio": 0.18469075520833333,
      "officeDeltaDiffRatio": 0
    }
  ],
  "officeMeanDelta": 0,
  "officeMaxDelta": 0,
  "topRegressedSlides": [],
  "topImprovedSlides": [],
  "baselineMetrics": {
    "maxObservedDiffRatio": 0.18469075520833333,
    "meanObservedDiffRatio": 0.18469075520833333
  },
  "currentMetrics": {
    "maxObservedDiffRatio": 0.18469075520833333,
    "meanObservedDiffRatio": 0.18469075520833333
  }
}