{
  "caseId": "theme-colors",
  "compared": true,
  "selectedSlides": [
    1
  ],
  "slides": [
    {
      "slide": 1,
      "branchDiffRatio": 0.005946180555555555,
      "mismatchPixels": 5480,
      "totalPixels": 921600,
      "comparedWidth": 1280,
      "comparedHeight": 720,
      "baselineOfficeDiffRatio": 0.12257703993055556,
      "currentOfficeDiffRatio": 0.12257703993055556,
      "officeDeltaDiffRatio": 0
    }
  ],
  "maxDiffRatio": 0.005946180555555555,
  "meanDiffRatio": 0.005946180555555555,
  "topSlides": [
    {
      "slide": 1,
      "branchDiffRatio": 0.005946180555555555,
      "mismatchPixels": 5480,
      "totalPixels": 921600,
      "comparedWidth": 1280,
      "comparedHeight": 720,
      "baselineOfficeDiffRatio": 0.12257703993055556,
      "currentOfficeDiffRatio": 0.12257703993055556,
      "officeDeltaDiffRatio": 0
    }
  ],
  "officeMeanDelta": 0,
  "officeMaxDelta": 0,
  "topRegressedSlides": [],
  "topImprovedSlides": [],
  "baselineMetrics": {
    "maxObservedDiffRatio": 0.12257703993055556,
    "meanObservedDiffRatio": 0.12257703993055556
  },
  "currentMetrics": {
    "maxObservedDiffRatio": 0.12257703993055556,
    "meanObservedDiffRatio": 0.12257703993055556
  }
}