{
  "caseId": "nested-groups",
  "compared": true,
  "selectedSlides": [
    1
  ],
  "slides": [
    {
      "slide": 1,
      "branchDiffRatio": 0,
      "mismatchPixels": 0,
      "totalPixels": 921600,
      "comparedWidth": 1280,
      "comparedHeight": 720,
      "baselineOfficeDiffRatio": 0.2561349826388889,
      "currentOfficeDiffRatio": 0.25619140625,
      "officeDeltaDiffRatio": 0.0000564236111110783
    }
  ],
  "maxDiffRatio": 0,
  "meanDiffRatio": 0,
  "topSlides": [
    {
      "slide": 1,
      "branchDiffRatio": 0,
      "mismatchPixels": 0,
      "totalPixels": 921600,
      "comparedWidth": 1280,
      "comparedHeight": 720,
      "baselineOfficeDiffRatio": 0.2561349826388889,
      "currentOfficeDiffRatio": 0.25619140625,
      "officeDeltaDiffRatio": 0.0000564236111110783
    }
  ],
  "officeMeanDelta": 0.0000564236111110783,
  "officeMaxDelta": 0.0000564236111110783,
  "topRegressedSlides": [
    {
      "slide": 1,
      "branchDiffRatio": 0,
      "mismatchPixels": 0,
      "totalPixels": 921600,
      "comparedWidth": 1280,
      "comparedHeight": 720,
      "baselineOfficeDiffRatio": 0.2561349826388889,
      "currentOfficeDiffRatio": 0.25619140625,
      "officeDeltaDiffRatio": 0.0000564236111110783
    }
  ],
  "topImprovedSlides": [],
  "baselineMetrics": {
    "maxObservedDiffRatio": 0.2561349826388889,
    "meanObservedDiffRatio": 0.2561349826388889
  },
  "currentMetrics": {
    "maxObservedDiffRatio": 0.25619140625,
    "meanObservedDiffRatio": 0.25619140625
  }
}